{"no_aug": {"iou": 0.9271400225162507, "f-score": 0.959861744046211}, "Flip-lr": {"iou": 0.9350917828083036, "f-score": 0.9648858624696733}, "contrast": {"iou": 0.9384848111867903, "f-score": 0.9670450282096859}, "elastic": {"iou": 0.9357521748542788, "f-score": 0.9652028703689575}, "affine": {"iou": 0.939448472261429, "f-score": 0.9671458303928373}, "noise": {"iou": 0.8399234387278557, "f-score": 0.9080041667819023}, "blur": {"iou": 0.9285300475358964, "f-score": 0.9610132664442063}}